ESSN,PNO,HOURS
123456789,1,32.5
123456789,2,7.5
666884444,3,40
453453453,1,20
453453453,2,20
333445555,2,10
333445555,3,10
333445555,10,10
333445555,20,10
999887777,30,30
999887777,10,10
987987987,10,35
987987987,30,5
987654321,30,20
987654321,20,15
888665555,20, - 
111111100,61,40
111111101,61,40
111111102,61,40
111111103,61,40
222222200,62,40
222222201,62,48
222222202,62,40
222222203,62,40
222222204,62,40
222222205,62,40
333333300,63,40
333333301,63,46
444444400,91,40
444444401,91,40
444444402,91,40
444444403,91,40
555555500,92,40
555555501,92,44
666666601,91,40
666666603,91,40
666666604,91,40
666666605,92,40
666666606,91,40
666666607,61,40
666666608,62,40
666666609,63,40
666666610,61,40
666666611,61,40
666666612,61,40
666666613,61,30
666666613,62,10
666666613,63,10
